"timestamp","Output_Video_Timestamp","gaze2d","Object_Label","Object_BB","Overlapping_Objects","Overlapping_Objects_BBs","Detected_Objects","BBs_all"
30.63656687,0.0,"(0.60355055, 0.37605736)","yellow star","[0.6417043209075928, 0.2833113670349121, 0.08961988985538483, 0.13701452314853668]","['yellow star']","[[0.6417043209075928, 0.2833113670349121, 0.08961988985538483, 0.13701452314853668]]","['purple circle', 'yellow star', 'pink rectangle red rectangle', 'yellow triangle', 'blue rectangle blue pentagon', 'blue pentagon', 'pink rectangle red circle red rectangle']","[[0.8796444535255432, 0.2689482271671295, 0.09601132571697235, 0.12688525021076202], [0.6417043209075928, 0.2833113670349121, 0.08961988985538483, 0.13701452314853668], [0.5113806128501892, 0.02231607213616371, 0.07305628806352615, 0.04345649853348732], [0.13862201571464539, 0.3667285144329071, 0.10535135120153427, 0.1526370644569397], [0.28518909215927124, 0.27664807438850403, 0.09926478564739227, 0.10814134776592255], [0.5126504302024841, 0.39216116070747375, 0.08197472244501114, 0.10785625129938126], [0.5116342902183533, 0.03006577119231224, 0.09656333178281784, 0.05915375426411629]]"
30.70671787,0.06666666666666667,"(0.5563799, 0.37654197)","blue pentagon","[0.5130115747451782, 0.392146497964859, 0.08253682404756546, 0.10827077925205231]","['blue pentagon']","[[0.5130115747451782, 0.392146497964859, 0.08253682404756546, 0.10827077925205231]]","['purple circle', 'yellow star', 'pink rectangle circle red rectangle', 'yellow triangle', 'blue pentagon', 'blue rectangle blue pentagon', 'pink rectangle red circle red rectangle']","[[0.88010573387146, 0.2688295543193817, 0.09613506495952606, 0.12686221301555634], [0.6420345902442932, 0.28327739238739014, 0.08975224196910858, 0.13696306943893433], [0.5115002989768982, 0.02235875464975834, 0.07305550575256348, 0.043559636920690536], [0.1391122192144394, 0.3667276203632355, 0.10526212304830551, 0.15269047021865845], [0.5130115747451782, 0.392146497964859, 0.08253682404756546, 0.10827077925205231], [0.28549128770828247, 0.2765420079231262, 0.09930870682001114, 0.10847033560276031], [0.5117799639701843, 0.030342644080519676, 0.09744410216808319, 0.05975541099905968]]"
30.77683587,0.13333333333333333,"(0.51797336, 0.37711242)","blue pentagon","[0.5148516297340393, 0.39297258853912354, 0.08297651261091232, 0.10950635373592377]","['blue pentagon']","[[0.5148516297340393, 0.39297258853912354, 0.08297651261091232, 0.10950635373592377]]","['purple circle', 'yellow star', 'pink rectangle red rectangle', 'yellow triangle', 'blue pentagon', 'blue rectangle blue pentagon', 'pink rectangle red circle red rectangle']","[[0.8827717900276184, 0.2679471969604492, 0.0964098796248436, 0.12718375027179718], [0.6438751816749573, 0.28337058424949646, 0.0898599624633789, 0.1366731971502304], [0.512978196144104, 0.02250555530190468, 0.07319259643554688, 0.04398304596543312], [0.142441064119339, 0.36887314915657043, 0.10467391461133957, 0.1519421637058258], [0.5148516297340393, 0.39297258853912354, 0.08297651261091232, 0.10950635373592377], [0.2877381145954132, 0.2782228887081146, 0.09755762666463852, 0.1064000204205513], [0.513579785823822, 0.029626227915287018, 0.09920915961265564, 0.05877185985445976]]"
30.83692937,0.2,"(0.49753085, 0.37840122)","blue pentagon","[0.51277095079422, 0.39316508173942566, 0.08210943639278412, 0.10715444386005402]","['blue pentagon']","[[0.51277095079422, 0.39316508173942566, 0.08210943639278412, 0.10715444386005402]]","['purple circle', 'yellow star', 'pink rectangle red rectangle', 'yellow triangle', 'blue pentagon', 'blue rectangle blue pentagon', 'pink rectangle red circle red rectangle']","[[0.8799809217453003, 0.26844921708106995, 0.0963536873459816, 0.12711942195892334], [0.6420093178749084, 0.28374001383781433, 0.08996972441673279, 0.13697844743728638], [0.5113205909729004, 0.023006880655884743, 0.07367223501205444, 0.044912900775671005], [0.13927267491817474, 0.3699831962585449, 0.10595420747995377, 0.15218570828437805], [0.51277095079422, 0.39316508173942566, 0.08210943639278412, 0.10715444386005402], [0.28542375564575195, 0.2790095806121826, 0.09873763471841812, 0.10709795355796814], [0.5118643641471863, 0.030345574021339417, 0.09937863796949387, 0.06013994291424751]]"
30.90707937,0.26666666666666666,"(0.47054604, 0.38424906)","blue pentagon","[0.5118038654327393, 0.39285632967948914, 0.08212251216173172, 0.10748399049043655]","['blue pentagon']","[[0.5118038654327393, 0.39285632967948914, 0.08212251216173172, 0.10748399049043655]]","['purple circle', 'yellow star', 'yellow triangle', 'pink rectangle red rectangle', 'blue rectangle blue pentagon', 'blue pentagon', 'pink rectangle red circle red rectangle']","[[0.8783915638923645, 0.26862186193466187, 0.09603020548820496, 0.12691818177700043], [0.6408904194831848, 0.28378644585609436, 0.08993720263242722, 0.13677392899990082], [0.13774609565734863, 0.3687998354434967, 0.10572469234466553, 0.1524854302406311], [0.5101153254508972, 0.022776342928409576, 0.07336747646331787, 0.04436980560421944], [0.28427597880363464, 0.27817001938819885, 0.09867963194847107, 0.10705285519361496], [0.5118038654327393, 0.39285632967948914, 0.08212251216173172, 0.10748399049043655], [0.5105907917022705, 0.030597204342484474, 0.0964934453368187, 0.06002433970570564]]"
30.97719887,0.3333333333333333,"(0.45703095, 0.37583238)","blue pentagon","[0.5122155547142029, 0.3923056721687317, 0.08274074643850327, 0.10916291177272797]","['blue pentagon']","[[0.5122155547142029, 0.3923056721687317, 0.08274074643850327, 0.10916291177272797]]","['purple circle', 'yellow star', 'yellow triangle', 'blue rectangle blue pentagon', 'blue pentagon', 'pink rectangle red circle red rectangle', 'rec red circle red rectangle']","[[0.8789679408073425, 0.268748015165329, 0.0957949161529541, 0.1266063153743744], [0.6413636207580566, 0.28380125761032104, 0.08961393684148788, 0.1369798630475998], [0.13824260234832764, 0.3674440383911133, 0.10527697205543518, 0.15155208110809326], [0.2845876216888428, 0.2770296037197113, 0.09922929108142853, 0.10747001320123672], [0.5122155547142029, 0.3923056721687317, 0.08274074643850327, 0.10916291177272797], [0.5101917386054993, 0.02258634753525257, 0.07265790551900864, 0.04387066513299942], [0.5105422735214233, 0.030277542769908905, 0.09515940397977829, 0.05938040465116501]]"
31.03729187,0.39999999999999997,"(0.45131618, 0.3725742)","blue pentagon","[0.5116420984268188, 0.3924567699432373, 0.08185042440891266, 0.10823637247085571]","['blue pentagon']","[[0.5116420984268188, 0.3924567699432373, 0.08185042440891266, 0.10823637247085571]]","['purple circle', 'yellow star', 'pink rectangle circle red rectangle', 'yellow triangle', 'blue rectangle blue pentagon', 'blue pentagon', 'rec red circle red rectangle']","[[0.8786239624023438, 0.26883623003959656, 0.09556365758180618, 0.12648947536945343], [0.6410090327262878, 0.2835337817668915, 0.08965963870286942, 0.1373906284570694], [0.5102370977401733, 0.022492405027151108, 0.07309939712285995, 0.043761514127254486], [0.13734900951385498, 0.36745303869247437, 0.10528869181871414, 0.15196168422698975], [0.2841106653213501, 0.27691853046417236, 0.09893370419740677, 0.10656175762414932], [0.5116420984268188, 0.3924567699432373, 0.08185042440891266, 0.10823637247085571], [0.510716438293457, 0.030166879296302795, 0.09617800265550613, 0.05907323211431503]]"
31.10744237,0.4666666666666666,"(0.45054662, 0.37159008)","blue pentagon","[0.5115048885345459, 0.39254117012023926, 0.08154387027025223, 0.10769139230251312]","['blue pentagon']","[[0.5115048885345459, 0.39254117012023926, 0.08154387027025223, 0.10769139230251312]]","['purple circle', 'yellow star', 'pink rectangle red circle red rectangle', 'yellow triangle', 'blue rectangle blue pentagon', 'blue pentagon', 'rec red circle red rectangle']","[[0.8781251311302185, 0.26871228218078613, 0.09577464312314987, 0.12644627690315247], [0.640500009059906, 0.2834451496601105, 0.08962339162826538, 0.1367083042860031], [0.5095272660255432, 0.02256741002202034, 0.07319682836532593, 0.04391783848404884], [0.13717235624790192, 0.3685028553009033, 0.10531259328126907, 0.1520131230354309], [0.2837742269039154, 0.27734363079071045, 0.09898669272661209, 0.10659419000148773], [0.5115048885345459, 0.39254117012023926, 0.08154387027025223, 0.10769139230251312], [0.5100720524787903, 0.030471231788396835, 0.09716381877660751, 0.0596454031765461]]"
31.17756087,0.5333333333333333,"(0.4530896, 0.37222382)","blue pentagon","[0.512416422367096, 0.3926224410533905, 0.08265157788991928, 0.10885760188102722]","['blue pentagon']","[[0.512416422367096, 0.3926224410533905, 0.08265157788991928, 0.10885760188102722]]","['purple circle', 'yellow star', 'yellow triangle', 'blue pentagon', 'blue rectangle blue pentagon', 'pink rectangle red circle red rectangle', 'rec red circle red rectangle']","[[0.8794859051704407, 0.2678501009941101, 0.09607192128896713, 0.12699782848358154], [0.6414474248886108, 0.2831171154975891, 0.08974091708660126, 0.13673700392246246], [0.13837400078773499, 0.36885809898376465, 0.10492847114801407, 0.15196619927883148], [0.512416422367096, 0.3926224410533905, 0.08265157788991928, 0.10885760188102722], [0.2847267985343933, 0.2780446708202362, 0.09892583638429642, 0.10672450065612793], [0.5102928876876831, 0.022581499069929123, 0.07343078404664993, 0.043925460427999496], [0.5108757615089417, 0.030338963493704796, 0.09740422666072845, 0.05952290818095207]]"
31.237653870000003,0.6,"(0.4549611, 0.37259868)","blue pentagon","[0.5110448598861694, 0.39307481050491333, 0.08264091610908508, 0.10980347543954849]","['blue pentagon']","[[0.5110448598861694, 0.39307481050491333, 0.08264091610908508, 0.10980347543954849]]","['purple circle', 'yellow star', 'pink rectangle red rectangle', 'yellow triangle', 'blue pentagon', 'blue rectangle blue pentagon', 'pink rectangle red circle red rectangle']","[[0.8776357173919678, 0.2683866024017334, 0.09605453163385391, 0.12764351069927216], [0.6399649381637573, 0.2837827801704407, 0.08989955484867096, 0.13628430664539337], [0.5089015364646912, 0.022852633148431778, 0.07371751219034195, 0.044594112783670425], [0.13640844821929932, 0.37023988366127014, 0.1063254103064537, 0.15383368730545044], [0.5110448598861694, 0.39307481050491333, 0.08264091610908508, 0.10980347543954849], [0.28307488560676575, 0.27864670753479004, 0.0990666002035141, 0.10655129700899124], [0.5096520781517029, 0.031408146023750305, 0.09849536418914795, 0.06148727238178253]]"
31.30780487,0.6666666666666666,"(0.46172714, 0.37932515)","blue pentagon","[0.5104957222938538, 0.39156004786491394, 0.08292144536972046, 0.11028070002794266]","['blue pentagon']","[[0.5104957222938538, 0.39156004786491394, 0.08292144536972046, 0.11028070002794266]]","['purple circle', 'yellow star', 'pink rectangle red rectangle', 'yellow triangle', 'blue rectangle blue pentagon', 'blue pentagon', 'pink rectangle red circle red rectangle']","[[0.8767322301864624, 0.26676589250564575, 0.0960361436009407, 0.12733414769172668], [0.6390690207481384, 0.2821270525455475, 0.0895562469959259, 0.13650667667388916], [0.5080015063285828, 0.022067394107580185, 0.07214724272489548, 0.04302488639950752], [0.1349082589149475, 0.36829686164855957, 0.10633505135774612, 0.1535906195640564], [0.28180328011512756, 0.2767435312271118, 0.09926759451627731, 0.10677163302898407], [0.5104957222938538, 0.39156004786491394, 0.08292144536972046, 0.11028070002794266], [0.5088008642196655, 0.029580648988485336, 0.09677758067846298, 0.0581648163497448]]"
31.37792287,0.7333333333333333,"(0.4616869, 0.3776664)","blue pentagon","[0.5106120705604553, 0.39126846194267273, 0.08305219560861588, 0.11053044348955154]","['blue pentagon']","[[0.5106120705604553, 0.39126846194267273, 0.08305219560861588, 0.11053044348955154]]","['purple circle', 'yellow star', 'pink rectangle red rectangle', 'yellow triangle', 'blue rectangle blue pentagon', 'blue pentagon', 'pink rectangle red circle red rectangle']","[[0.8777161240577698, 0.26685720682144165, 0.09608011692762375, 0.1275593638420105], [0.6396418809890747, 0.2819184362888336, 0.08990554511547089, 0.13697093725204468], [0.5084438920021057, 0.02120731770992279, 0.07213829457759857, 0.04144405201077461], [0.13434849679470062, 0.366578608751297, 0.10636288672685623, 0.15287092328071594], [0.2818955183029175, 0.2752522826194763, 0.09986460953950882, 0.10786407440900803], [0.5106120705604553, 0.39126846194267273, 0.08305219560861588, 0.11053044348955154], [0.5089438557624817, 0.02888125739991665, 0.09524653851985931, 0.05675008147954941]]"
31.43801687,0.7999999999999999,"(0.46103042, 0.3778334)","blue pentagon","[0.5095353126525879, 0.3910406827926636, 0.08335527777671814, 0.10933101177215576]","['blue pentagon']","[[0.5095353126525879, 0.3910406827926636, 0.08335527777671814, 0.10933101177215576]]","['purple circle', 'yellow star', 'pink rectangle red rectangle', 'yellow triangle', 'blue pentagon', 'blue rectangle blue pentagon', 'pink rectangle red circle red rectangle']","[[0.8764387965202332, 0.26739636063575745, 0.09620214998722076, 0.1269296258687973], [0.6388964653015137, 0.28175806999206543, 0.08981165289878845, 0.13691996037960052], [0.5078905820846558, 0.02108529955148697, 0.07161558419466019, 0.04118774086236954], [0.13270671665668488, 0.3651612401008606, 0.10695692896842957, 0.15335501730442047], [0.5095353126525879, 0.3910406827926636, 0.08335527777671814, 0.10933101177215576], [0.2807430922985077, 0.27431055903434753, 0.10012597590684891, 0.10839834809303284], [0.5082885026931763, 0.02889728732407093, 0.09530609846115112, 0.05692611634731293]]"
31.50816687,0.8666666666666666,"(0.4591502, 0.37809354)","blue pentagon","[0.5091532468795776, 0.3900149166584015, 0.08310072124004364, 0.10884783416986465]","['blue pentagon']","[[0.5091532468795776, 0.3900149166584015, 0.08310072124004364, 0.10884783416986465]]","['purple circle', 'yellow star', 'yellow triangle', 'pink rectangle red circle red rectangle', 'blue pentagon', 'blue rectangle blue pentagon', 'red circle red rectangle']","[[0.8758893609046936, 0.26700472831726074, 0.09594427049160004, 0.12698563933372498], [0.6384680271148682, 0.28110814094543457, 0.08947248011827469, 0.13608501851558685], [0.13233573734760284, 0.3640308976173401, 0.1068568155169487, 0.153172567486763], [0.5075526237487793, 0.020672554150223732, 0.07133562862873077, 0.04046927019953728], [0.5091532468795776, 0.3900149166584015, 0.08310072124004364, 0.10884783416986465], [0.28031793236732483, 0.2735064625740051, 0.09989561140537262, 0.10774216800928116], [0.5080257058143616, 0.028097067028284073, 0.09273460507392883, 0.05540633201599121]]"
31.57828587,0.9333333333333332,"(0.45810962, 0.37827617)","blue pentagon","[0.5102092623710632, 0.3918856978416443, 0.0824904516339302, 0.10854153335094452]","['blue pentagon']","[[0.5102092623710632, 0.3918856978416443, 0.0824904516339302, 0.10854153335094452]]","['purple circle', 'yellow star', 'pink rectangle red circle red rectangle', 'yellow triangle', 'blue rectangle blue pentagon', 'blue pentagon', 'rec red circle red rectangle']","[[0.876384973526001, 0.2693242132663727, 0.09586262702941895, 0.12688155472278595], [0.6390599608421326, 0.2832121253013611, 0.08926792442798615, 0.1370365172624588], [0.5083677768707275, 0.0214481670409441, 0.0716991275548935, 0.041887059807777405], [0.13383600115776062, 0.36561188101768494, 0.10641185194253922, 0.15297147631645203], [0.2817525565624237, 0.27492555975914, 0.09975016117095947, 0.1089993268251419], [0.5102092623710632, 0.3918856978416443, 0.0824904516339302, 0.10854153335094452], [0.5087698101997375, 0.02880757674574852, 0.09352575242519379, 0.056591667234897614]]"
31.63837987,0.9999999999999999,"(0.45703644, 0.37824517)","blue pentagon","[0.5109199285507202, 0.395489364862442, 0.08193352818489075, 0.10903134196996689]","['blue pentagon']","[[0.5109199285507202, 0.395489364862442, 0.08193352818489075, 0.10903134196996689]]","['purple circle', 'yellow star', 'pink rectangle circle red rectangle', 'yellow triangle', 'blue pentagon', 'blue rectangle blue pentagon', 'rec red circle red rectangle']","[[0.8772804141044617, 0.27380454540252686, 0.09567509591579437, 0.12620262801647186], [0.6398919224739075, 0.2869490087032318, 0.08916974812746048, 0.13540129363536835], [0.5097207427024841, 0.023813651874661446, 0.07402040809392929, 0.04656236618757248], [0.1358383744955063, 0.36927133798599243, 0.10613574087619781, 0.15218347311019897], [0.5109199285507202, 0.395489364862442, 0.08193352818489075, 0.10903134196996689], [0.2830764651298523, 0.27910006046295166, 0.0986730307340622, 0.10760268568992615], [0.5100724697113037, 0.03205150365829468, 0.09688027203083038, 0.06272425502538681]]"
31.70852987,1.0666666666666667,"(0.4583066, 0.38162795)","blue pentagon","[0.510897696018219, 0.3958227336406708, 0.0818876251578331, 0.10800325125455856]","['blue pentagon']","[[0.510897696018219, 0.3958227336406708, 0.0818876251578331, 0.10800325125455856]]","['purple circle', 'yellow star', 'pink rectangle red rectangle', 'yellow triangle', 'blue rectangle blue pentagon', 'blue pentagon', 'pink rectangle red circle red rectangle']","[[0.876784086227417, 0.27399784326553345, 0.09564229100942612, 0.1262030303478241], [0.6396768093109131, 0.28753504157066345, 0.08928466588258743, 0.13543260097503662], [0.509568452835083, 0.024187400937080383, 0.07437404245138168, 0.04720146954059601], [0.13563187420368195, 0.3702412545681, 0.10639818012714386, 0.153196781873703], [0.2829333245754242, 0.27994945645332336, 0.09867487847805023, 0.10681768506765366], [0.510897696018219, 0.3958227336406708, 0.0818876251578331, 0.10800325125455856], [0.5100081562995911, 0.0325721837580204, 0.09754627197980881, 0.06367599219083786]]"
31.77864887,1.1333333333333333,"(0.46033987, 0.38326618)","blue pentagon","[0.5102606415748596, 0.3942512571811676, 0.0821080431342125, 0.10781825333833694]","['blue pentagon']","[[0.5102606415748596, 0.3942512571811676, 0.0821080431342125, 0.10781825333833694]]","['purple circle', 'yellow star', 'pink rectangle red rectangle', 'yellow triangle', 'blue pentagon', 'blue rectangle blue pentagon', 'pink rectangle red circle red rectangle']","[[0.8757438659667969, 0.2726152241230011, 0.09551240503787994, 0.12567272782325745], [0.6389092803001404, 0.2860468327999115, 0.08938522636890411, 0.13613027334213257], [0.5087131857872009, 0.023797515779733658, 0.07411383092403412, 0.046494387090206146], [0.13435669243335724, 0.36830559372901917, 0.1060463935136795, 0.1525433361530304], [0.5102606415748596, 0.3942512571811676, 0.0821080431342125, 0.10781825333833694], [0.281881183385849, 0.2782241106033325, 0.09915867447853088, 0.1072542741894722], [0.5093171000480652, 0.03278908506035805, 0.09897694736719131, 0.06421146541833878]]"
31.83874087,1.2,"(0.46236593, 0.3856177)","blue pentagon","[0.5104712843894958, 0.3926020562648773, 0.08228769898414612, 0.10726667195558548]","['blue pentagon']","[[0.5104712843894958, 0.3926020562648773, 0.08228769898414612, 0.10726667195558548]]","['purple circle', 'yellow star', 'pink rectangle red rectangle', 'yellow triangle', 'blue rectangle blue pentagon', 'blue pentagon', 'pink rectangle red circle red rectangle']","[[0.8764450550079346, 0.27034792304039, 0.09559909254312515, 0.12614867091178894], [0.6392605304718018, 0.28417083621025085, 0.08962428569793701, 0.13720591366291046], [0.5086348652839661, 0.022790510207414627, 0.07329729199409485, 0.04441860690712929], [0.13442018628120422, 0.367516428232193, 0.10605669021606445, 0.15284065902233124], [0.2820962965488434, 0.2769021689891815, 0.09873738139867783, 0.10676717013120651], [0.5104712843894958, 0.3926020562648773, 0.08228769898414612, 0.10726667195558548], [0.5092471837997437, 0.031155215576291084, 0.09804658591747284, 0.06108524650335312]]"
31.908892870000003,1.2666666666666666,"(0.46487454, 0.3869173)","blue pentagon","[0.510143518447876, 0.3924001455307007, 0.0823950320482254, 0.10812561213970184]","['blue pentagon']","[[0.510143518447876, 0.3924001455307007, 0.0823950320482254, 0.10812561213970184]]","['purple circle', 'yellow star', 'pink rectangle red rectangle', 'yellow triangle', 'blue rectangle blue pentagon', 'blue pentagon', 'pink rectangle red circle red rectangle']","[[0.876038670539856, 0.26931697130203247, 0.09579969942569733, 0.12594206631183624], [0.6388866305351257, 0.28356632590293884, 0.08959036320447922, 0.1367976814508438], [0.5083131790161133, 0.022672761231660843, 0.07311289757490158, 0.04419691488146782], [0.13389310240745544, 0.367202490568161, 0.10612864047288895, 0.1529470980167389], [0.28170493245124817, 0.2765078544616699, 0.09934181720018387, 0.10736657679080963], [0.510143518447876, 0.3924001455307007, 0.0823950320482254, 0.10812561213970184], [0.5092183351516724, 0.032896362245082855, 0.09998811036348343, 0.0641423836350441]]"
31.968944370000003,1.3333333333333333,"(0.46742573, 0.38824558)","blue pentagon","[0.5098540186882019, 0.3922480344772339, 0.08282948285341263, 0.10856333374977112]","['blue pentagon']","[[0.5098540186882019, 0.3922480344772339, 0.08282948285341263, 0.10856333374977112]]","['purple circle', 'yellow star', 'pink rectangle red rectangle', 'yellow triangle', 'blue rectangle blue pentagon', 'blue pentagon', 'pink rectangle red circle red rectangle']","[[0.8759222030639648, 0.2691124975681305, 0.0959654226899147, 0.12627066671848297], [0.6387255191802979, 0.2831362187862396, 0.08962420374155045, 0.13743947446346283], [0.5081337094306946, 0.02215029112994671, 0.07278900593519211, 0.043108873069286346], [0.13356323540210724, 0.366875022649765, 0.10609569400548935, 0.1534118354320526], [0.2814260721206665, 0.2760104835033417, 0.09960261732339859, 0.10773831605911255], [0.5098540186882019, 0.3922480344772339, 0.08282948285341263, 0.10856333374977112], [0.5090934038162231, 0.0288547296077013, 0.09654968231916428, 0.057251401245594025]]"
32.039104370000004,1.4,"(0.46944982, 0.38496366)","blue pentagon","[0.5103158354759216, 0.39242276549339294, 0.08221795409917831, 0.10804492235183716]","['blue pentagon']","[[0.5103158354759216, 0.39242276549339294, 0.08221795409917831, 0.10804492235183716]]","['purple circle', 'yellow star', 'pink rectangle red rectangle', 'yellow triangle', 'blue rectangle blue pentagon', 'blue pentagon', 'pink rectangle red circle red rectangle']","[[0.8765959143638611, 0.26951614022254944, 0.09558217227458954, 0.12625542283058167], [0.639177143573761, 0.2835649847984314, 0.08943825960159302, 0.13634592294692993], [0.5087536573410034, 0.02225426398217678, 0.07288610935211182, 0.04350048303604126], [0.1342676430940628, 0.36692479252815247, 0.10610739886760712, 0.15291523933410645], [0.28201958537101746, 0.2761431932449341, 0.09934569150209427, 0.10828736424446106], [0.5103158354759216, 0.39242276549339294, 0.08221795409917831, 0.10804492235183716], [0.5094399452209473, 0.030697964131832123, 0.09619217365980148, 0.06014740839600563]]"
32.10925437,1.4666666666666666,"(0.474686, 0.3881522)","blue pentagon","[0.5105031132698059, 0.3923757076263428, 0.08220944553613663, 0.10776089131832123]","['blue pentagon']","[[0.5105031132698059, 0.3923757076263428, 0.08220944553613663, 0.10776089131832123]]","['purple circle', 'yellow star', 'pink rectangle red rectangle', 'yellow triangle', 'blue rectangle blue pentagon', 'blue pentagon', 'pink rectangle red circle red rectangle']","[[0.8768096566200256, 0.26957210898399353, 0.0953657329082489, 0.1259833127260208], [0.639353334903717, 0.28346842527389526, 0.08953345566987991, 0.13610172271728516], [0.508804202079773, 0.022241713479161263, 0.07322519272565842, 0.043467648327350616], [0.13469824194908142, 0.3669370412826538, 0.10584717243909836, 0.15288789570331573], [0.2822002172470093, 0.2761479318141937, 0.09920801222324371, 0.10779096931219101], [0.5105031132698059, 0.3923757076263428, 0.08220944553613663, 0.10776089131832123], [0.5094419121742249, 0.030756119638681412, 0.09684552997350693, 0.06029261648654938]]"
32.16930637,1.5333333333333332,"(0.47604823, 0.38613436)","blue pentagon","[0.51093590259552, 0.39226531982421875, 0.08186667412519455, 0.1080111712217331]","['blue pentagon']","[[0.51093590259552, 0.39226531982421875, 0.08186667412519455, 0.1080111712217331]]","['purple circle', 'yellow star', 'pink rectangle red rectangle', 'yellow triangle', 'blue rectangle blue pentagon', 'blue pentagon', 'pink rectangle red circle red rectangle']","[[0.877663254737854, 0.26983559131622314, 0.09565093368291855, 0.12583883106708527], [0.6400974988937378, 0.28366902470588684, 0.0897761881351471, 0.1366676390171051], [0.509493350982666, 0.022256266325712204, 0.07254169881343842, 0.043309424072504044], [0.13558724522590637, 0.3668666481971741, 0.10603994876146317, 0.15288493037223816], [0.2829253673553467, 0.27609023451805115, 0.09920447319746017, 0.10796381533145905], [0.51093590259552, 0.39226531982421875, 0.08186667412519455, 0.1080111712217331], [0.5100473761558533, 0.03002127818763256, 0.09656833857297897, 0.05888291448354721]]"
32.23946737,1.5999999999999999,"(0.47470924, 0.3831823)","blue pentagon","[0.5110798478126526, 0.39229610562324524, 0.0819023996591568, 0.10835637152194977]","['blue pentagon']","[[0.5110798478126526, 0.39229610562324524, 0.0819023996591568, 0.10835637152194977]]","['purple circle', 'yellow star', 'pink rectangle circle red rectangle', 'yellow triangle', 'blue rectangle blue pentagon', 'blue pentagon', 'pink rectangle red circle red rectangle']","[[0.8778688907623291, 0.27014705538749695, 0.0958300307393074, 0.12650857865810394], [0.6403836607933044, 0.28415560722351074, 0.08955521136522293, 0.1376456618309021], [0.509630560874939, 0.02211061306297779, 0.07255296409130096, 0.0431523323059082], [0.13562172651290894, 0.36597388982772827, 0.10608921945095062, 0.15213030576705933], [0.2830643951892853, 0.2757238745689392, 0.09901035577058792, 0.10733287781476974], [0.5110798478126526, 0.39229610562324524, 0.0819023996591568, 0.10835637152194977], [0.5100088715553284, 0.02997167594730854, 0.09639288485050201, 0.058927759528160095]]"
32.30961737,1.6666666666666665,"(0.47270158, 0.38088408)","blue pentagon","[0.5112251043319702, 0.39185190200805664, 0.08201343566179276, 0.1081240251660347]","['blue pentagon']","[[0.5112251043319702, 0.39185190200805664, 0.08201343566179276, 0.1081240251660347]]","['purple circle', 'yellow star', 'yellow triangle', 'pink rectangle circle red rectangle', 'blue rectangle blue pentagon', 'blue pentagon', 'pink rectangle red circle red rectangle']","[[0.8782939910888672, 0.26961731910705566, 0.09623750299215317, 0.1268393099308014], [0.640470564365387, 0.2833074629306793, 0.0893615335226059, 0.13765591382980347], [0.13574020564556122, 0.3651808500289917, 0.10606477409601212, 0.1515938937664032], [0.5098883509635925, 0.021830160170793533, 0.07223668694496155, 0.04263480007648468], [0.2832437753677368, 0.2751707434654236, 0.09930932521820068, 0.1082000881433487], [0.5112251043319702, 0.39185190200805664, 0.08201343566179276, 0.1081240251660347], [0.5102412700653076, 0.029797298833727837, 0.09537523984909058, 0.0586526095867157]]"
32.36966937,1.7333333333333332,"(0.472969, 0.38072345)","blue pentagon","[0.5113669037818909, 0.3911409080028534, 0.08262940496206284, 0.10955065488815308]","['blue pentagon']","[[0.5113669037818909, 0.3911409080028534, 0.08262940496206284, 0.10955065488815308]]","['purple circle', 'yellow star', 'yellow triangle', 'blue rectangle blue pentagon', 'pink rectangle red rectangle', 'blue pentagon', 'pink rectangle red circle red rectangle']","[[0.8786160945892334, 0.2685324251651764, 0.0960824191570282, 0.12713387608528137], [0.640712320804596, 0.2824738323688507, 0.08937891572713852, 0.13712432980537415], [0.13579806685447693, 0.3643045723438263, 0.10606306791305542, 0.15243852138519287], [0.2833627760410309, 0.27432727813720703, 0.09934065490961075, 0.10844084620475769], [0.5097650289535522, 0.02123059518635273, 0.0717225968837738, 0.04143986105918884], [0.5113669037818909, 0.3911409080028534, 0.08262940496206284, 0.10955065488815308], [0.5101879835128784, 0.029760628938674927, 0.09459497034549713, 0.058342013508081436]]"
32.43982987,1.7999999999999998,"(0.47391716, 0.3822911)","blue pentagon","[0.5113955140113831, 0.39076730608940125, 0.08216272294521332, 0.1083064004778862]","['blue pentagon']","[[0.5113955140113831, 0.39076730608940125, 0.08216272294521332, 0.1083064004778862]]","['purple circle', 'yellow star', 'yellow triangle', 'blue rectangle blue pentagon', 'pink rectangle red rectangle', 'blue pentagon', 'pink rectangle red circle red rectangle']","[[0.8788033723831177, 0.26784074306488037, 0.0960831418633461, 0.12759505212306976], [0.6407621502876282, 0.2817949652671814, 0.08942749351263046, 0.13653989136219025], [0.13570375740528107, 0.36464110016822815, 0.10609528422355652, 0.15286722779273987], [0.28323060274124146, 0.27417516708374023, 0.09955614805221558, 0.10869484394788742], [0.5098082423210144, 0.02112063765525818, 0.07183848321437836, 0.041167937219142914], [0.5113955140113831, 0.39076730608940125, 0.08216272294521332, 0.1083064004778862], [0.5101891756057739, 0.029704291373491287, 0.09517843276262283, 0.058159247040748596]]"
32.50997987,1.8666666666666665,"(0.47480217, 0.3864386)","blue pentagon","[0.5112605690956116, 0.3911018371582031, 0.08240599930286407, 0.10853423923254013]","['blue pentagon']","[[0.5112605690956116, 0.3911018371582031, 0.08240599930286407, 0.10853423923254013]]","['purple circle', 'yellow star', 'yellow triangle', 'pink rectangle red rectangle', 'blue rectangle blue pentagon', 'blue pentagon', 'rectangle red circle red rectangle']","[[0.8786471486091614, 0.2678467631340027, 0.09562142193317413, 0.12686806917190552], [0.640683650970459, 0.2818068563938141, 0.0894593596458435, 0.13612785935401917], [0.13565471768379211, 0.36483249068260193, 0.10584758222103119, 0.15206541121006012], [0.5097939372062683, 0.021233968436717987, 0.07199559360742569, 0.041479796171188354], [0.2830941081047058, 0.27446770668029785, 0.09933632612228394, 0.10854741185903549], [0.5112605690956116, 0.3911018371582031, 0.08240599930286407, 0.10853423923254013], [0.5101995468139648, 0.029320869594812393, 0.09440609067678452, 0.05760876089334488]]"
32.57003187,1.9333333333333331,"(0.47511882, 0.3867652)","blue pentagon","[0.5109761953353882, 0.3921683430671692, 0.08220528811216354, 0.10824207961559296]","['blue pentagon']","[[0.5109761953353882, 0.3921683430671692, 0.08220528811216354, 0.10824207961559296]]","['purple circle', 'yellow star', 'pink rectangle circle red rectangle', 'yellow triangle', 'blue rectangle blue pentagon', 'blue pentagon', 'pink rectangle red circle red rectangle']","[[0.8780274987220764, 0.2690608501434326, 0.09574013948440552, 0.12675200402736664], [0.6403023600578308, 0.28304237127304077, 0.08985692262649536, 0.13640759885311127], [0.5095808506011963, 0.021669551730155945, 0.07200728356838226, 0.04231489077210426], [0.13523373007774353, 0.36640283465385437, 0.10601463168859482, 0.15265856683254242], [0.28296834230422974, 0.275473415851593, 0.09895696491003036, 0.10710671544075012], [0.5109761953353882, 0.3921683430671692, 0.08220528811216354, 0.10824207961559296], [0.5100694298744202, 0.02978423424065113, 0.09495040774345398, 0.05847359448671341]]"
32.64019237,1.9999999999999998,"(0.476484, 0.387044)","blue pentagon","[0.5053909420967102, 0.39528900384902954, 0.08408968150615692, 0.10819435864686966]","['blue pentagon']","[[0.5053909420967102, 0.39528900384902954, 0.08408968150615692, 0.10819435864686966]]","['purple circle', 'yellow star', 'pink rec red circle red rectangle', 'yellow triangle', 'blue pentagon', 'blue rectangle blue pentagon', 'red circle red rectangle']","[[0.8700321316719055, 0.2737646996974945, 0.0991499051451683, 0.1283363550901413], [0.6347633004188538, 0.2872810661792755, 0.0909382551908493, 0.1343710571527481], [0.505327045917511, 0.023699713870882988, 0.07481731474399567, 0.04608691856265068], [0.12696650624275208, 0.3686999976634979, 0.1112375259399414, 0.1532069742679596], [0.5053909420967102, 0.39528900384902954, 0.08408968150615692, 0.10819435864686966], [0.27701056003570557, 0.27818387746810913, 0.1007763221859932, 0.10742074251174927], [0.5059207081794739, 0.0318867526948452, 0.1032169759273529, 0.06206267699599266]]"
32.71034187,2.0666666666666664,"(0.47789654, 0.38695914)","blue pentagon","[0.4987562894821167, 0.3973647356033325, 0.08502954989671707, 0.10834140330553055]","['blue pentagon']","[[0.4987562894821167, 0.3973647356033325, 0.08502954989671707, 0.10834140330553055]]","['purple circle', 'red circle red rectangle', 'yellow star', 'yellow triangle', 'blue rectangle blue pentagon', 'blue pentagon', 'red circle red rectangle']","[[0.8603918552398682, 0.2772650122642517, 0.09878935664892197, 0.12891258299350739], [0.4996662437915802, 0.02481095865368843, 0.07658208906650543, 0.048131875693798065], [0.6281489133834839, 0.28947561979293823, 0.0909167155623436, 0.13476169109344482], [0.11718063056468964, 0.36998873949050903, 0.1139560341835022, 0.15395043790340424], [0.2695242166519165, 0.2792266011238098, 0.10320506989955902, 0.10820496082305908], [0.4987562894821167, 0.3973647356033325, 0.08502954989671707, 0.10834140330553055], [0.5003950595855713, 0.03309265151619911, 0.10651037842035294, 0.06431358307600021]]"
32.77039437,2.1333333333333333,"(0.47733983, 0.3845946)","blue pentagon","[0.4810727536678314, 0.4037243127822876, 0.08702816814184189, 0.10903014987707138]","['blue pentagon']","[[0.4810727536678314, 0.4037243127822876, 0.08702816814184189, 0.10903014987707138]]","['purple circle', 'pink rectangle red circle red rectangle', 'yellow star', 'yellow triangle', 'blue rectangle blue pentagon', 'blue pentagon', 'rec red circle red rectangle', 'pink rectangle red rectangle']","[[0.8350966572761536, 0.28725507855415344, 0.09838294237852097, 0.12640906870365143], [0.4830876290798187, 0.028727952390909195, 0.07975038886070251, 0.05553974211215973], [0.610158383846283, 0.29693207144737244, 0.09240016341209412, 0.1354362964630127], [0.09064026921987534, 0.37347084283828735, 0.11959270387887955, 0.1565922051668167], [0.24882642924785614, 0.2820970118045807, 0.10784812271595001, 0.11018793284893036], [0.4810727536678314, 0.4037243127822876, 0.08702816814184189, 0.10903014987707138], [0.4834079444408417, 0.03521088510751724, 0.10594289004802704, 0.0679924488067627], [0.9906423687934875, 0.41479185223579407, 0.015858788043260574, 0.12764111161231995]]"
32.84055437,2.2,"(0.47792065, 0.38446584)","blue pentagon","[0.47132280468940735, 0.40861573815345764, 0.08711019158363342, 0.10914445668458939]","['blue pentagon']","[[0.47132280468940735, 0.40861573815345764, 0.08711019158363342, 0.10914445668458939]]","['purple circle', 'pink rectangle red rectangle', 'yellow star', 'yellow triangle', 'blue pentagon', 'blue rectangle blue pentagon', 'red circle rec']","[[0.820792019367218, 0.2957940697669983, 0.09670023620128632, 0.12660539150238037], [0.9829095602035522, 0.4187189042568207, 0.02969604730606079, 0.13045309484004974], [0.5994287729263306, 0.30244553089141846, 0.09187032282352448, 0.13542471826076508], [0.07645329087972641, 0.37641119956970215, 0.12084358930587769, 0.15921977162361145], [0.47132280468940735, 0.40861573815345764, 0.08711019158363342, 0.10914445668458939], [0.23758693039417267, 0.28576648235321045, 0.1102537140250206, 0.11414527893066406], [0.47404277324676514, 0.03214352950453758, 0.08284421265125275, 0.06238460913300514]]"
32.91070437,2.266666666666667,"(0.47847807, 0.384148)","blue pentagon","[0.4529103934764862, 0.4198426902294159, 0.08664866536855698, 0.11054579168558121]","['blue pentagon']","[[0.4529103934764862, 0.4198426902294159, 0.08664866536855698, 0.11054579168558121]]","['purple circle', 'pink rectangle red rectangle', 'yellow star', 'yellow triangle', 'blue pentagon', 'blue rectangle blue pentagon', 'red circle', 'pink rectangle red rectangle', 'red rectangle']","[[0.794880211353302, 0.3114948868751526, 0.0897936299443245, 0.12183089554309845], [0.9682528972625732, 0.4337632954120636, 0.05909651890397072, 0.13286909461021423], [0.5799049139022827, 0.3152396082878113, 0.09013788402080536, 0.13360856473445892], [0.05490434914827347, 0.38354766368865967, 0.10733205825090408, 0.16016137599945068], [0.4529103934764862, 0.4198426902294159, 0.08664866536855698, 0.11054579168558121], [0.21460111439228058, 0.2934359908103943, 0.11376486718654633, 0.11772200465202332], [0.45565545558929443, 0.03845858573913574, 0.08531329780817032, 0.07473532855510712], [0.9621788263320923, 0.43628859519958496, 0.07115887850522995, 0.18025512993335724], [0.9681645035743713, 0.4339386224746704, 0.05848931148648262, 0.13131189346313477]]"
32.970756370000004,2.333333333333334,"(0.47813687, 0.38265273)","blue pentagon","[0.43519407510757446, 0.4314158260822296, 0.08627182245254517, 0.10997623205184937]","['blue pentagon']","[[0.43519407510757446, 0.4314158260822296, 0.08627182245254517, 0.10997623205184937]]","['purple circle', 'pink rectangle red rectangle', 'yellow star', 'red rectangle', 'yellow triangle', 'blue rectangle blue pentagon', 'blue pentagon', 'red circle', 'yellow triangle', 'blue rectangle', 'pink rectangle red rectangle']","[[0.7711877822875977, 0.32666435837745667, 0.08683314174413681, 0.12033869326114655], [0.9536411166191101, 0.4496862292289734, 0.08808449655771255, 0.13674648106098175], [0.5576658844947815, 0.32819849252700806, 0.09852148592472076, 0.1336996853351593], [0.9535861611366272, 0.44923633337020874, 0.08664163202047348, 0.1345546394586563], [0.04131752997636795, 0.3942103981971741, 0.0808231383562088, 0.16126297414302826], [0.19308257102966309, 0.30308642983436584, 0.11662299185991287, 0.11931966990232468], [0.43519407510757446, 0.4314158260822296, 0.08627182245254517, 0.10997623205184937], [0.43842631578445435, 0.04554598405957222, 0.08631133288145065, 0.08843284100294113], [0.5957213044166565, 0.03534344956278801, 0.07053481787443161, 0.06733940541744232], [0.6636315584182739, 0.1291431486606598, 0.23337608575820923, 0.14522595703601837], [0.9463367462158203, 0.45317625999450684, 0.10288788378238678, 0.20209167897701263]]"
33.04091737,2.400000000000001,"(0.47987786, 0.38160616)","blue pentagon","[0.42696210741996765, 0.4386666417121887, 0.0862501934170723, 0.11125876009464264]","['yellow star', 'blue pentagon']","[[0.5486612319946289, 0.3352537453174591, 0.09860382974147797, 0.13291186094284058], [0.42696210741996765, 0.4386666417121887, 0.0862501934170723, 0.11125876009464264]]","['purple circle', 'pink rectangle red rectangle', 'yellow star', 'red circle', 'blue pentagon', 'blue rectangle blue pentagon', 'pink rectangle red rectangle', 'yellow triangle', 'yellow triangle', 'red rectangle']","[[0.7603024840354919, 0.33487895131111145, 0.0855727568268776, 0.11967277526855469], [0.9471302032470703, 0.4575951099395752, 0.10040535777807236, 0.13410033285617828], [0.5486612319946289, 0.3352537453174591, 0.09860382974147797, 0.13291186094284058], [0.4302762746810913, 0.04945797845721245, 0.08700153976678848, 0.09643696248531342], [0.42696210741996765, 0.4386666417121887, 0.0862501934170723, 0.11125876009464264], [0.1826220005750656, 0.30943477153778076, 0.117963507771492, 0.12029746919870377], [0.9407670497894287, 0.4613804519176483, 0.11455710232257843, 0.19557204842567444], [0.5868622064590454, 0.04023462161421776, 0.07028289139270782, 0.07696228474378586], [0.03469807282090187, 0.4004392623901367, 0.06781686097383499, 0.16238363087177277], [0.9470239281654358, 0.4572160243988037, 0.09912373125553131, 0.13161754608154297]]"
33.11106737,2.4666666666666677,"(0.47951132, 0.3838205)","yellow star","[0.5358970165252686, 0.35092583298683167, 0.09286174178123474, 0.13278454542160034]","['yellow star']","[[0.5358970165252686, 0.35092583298683167, 0.09286174178123474, 0.13278454542160034]]","['purple circle', 'yellow star', 'pink rectangle red rectangle', 'red circle', 'yellow triangle', 'blue rectangle blue pentagon', 'pink rectangle red rectangle', 'blue pentagon']","[[0.7404975891113281, 0.35125333070755005, 0.08223669975996017, 0.11748439818620682], [0.5358970165252686, 0.35092583298683167, 0.09286174178123474, 0.13278454542160034], [0.9262900948524475, 0.4721401333808899, 0.10309907048940659, 0.12909820675849915], [0.415366530418396, 0.05785517022013664, 0.08837912976741791, 0.11281146109104156], [0.5704753398895264, 0.05035535618662834, 0.06907837837934494, 0.09694744646549225], [0.1634950339794159, 0.3217160999774933, 0.12011782824993134, 0.12284273654222488], [0.9252426624298096, 0.4755854904651642, 0.12967415153980255, 0.18692052364349365], [0.41224926710128784, 0.4523138403892517, 0.08561138808727264, 0.11040178686380386]]"
33.17111887,2.5333333333333345,"(0.4793235, 0.38293824)","yellow star","[0.5256273150444031, 0.3638658821582794, 0.09126942604780197, 0.13066036999225616]","['yellow star']","[[0.5256273150444031, 0.3638658821582794, 0.09126942604780197, 0.13066036999225616]]","['purple circle', 'pink rectangle red rectangle', 'red circle', 'yellow star', 'yellow triangle', 'blue rectangle blue pentagon', 'blue pentagon', 'pink rectangle red rectangle']","[[0.7282982468605042, 0.3650836646556854, 0.07755026966333389, 0.1140662133693695], [0.9109395146369934, 0.48528897762298584, 0.09786108136177063, 0.12818017601966858], [0.4054162800312042, 0.06511572003364563, 0.0853944793343544, 0.12676480412483215], [0.5256273150444031, 0.3638658821582794, 0.09126942604780197, 0.13066036999225616], [0.5595973134040833, 0.05974668636918068, 0.06517283618450165, 0.11031841486692429], [0.15167205035686493, 0.33348172903060913, 0.11974009871482849, 0.12339144945144653], [0.4030580222606659, 0.46502187848091125, 0.08404229581356049, 0.1099034920334816], [0.911365270614624, 0.48792001605033875, 0.13242915272712708, 0.19105754792690277]]"
33.24127987,2.6000000000000014,"(0.480151, 0.38327667)","yellow star","[0.5223134160041809, 0.3693825900554657, 0.09057451784610748, 0.1304851472377777]","['yellow star']","[[0.5223134160041809, 0.3693825900554657, 0.09057451784610748, 0.1304851472377777]]","['purple circle', 'pink rectangle red rectangle', 'red circle', 'yellow star', 'blue pentagon', 'yellow triangle', 'blue rectangle blue pentagon', 'pink rectangle red rectangle']","[[0.7248198390007019, 0.3709496557712555, 0.07642023265361786, 0.11345125734806061], [0.9058563113212585, 0.4902023375034332, 0.09685516357421875, 0.12721918523311615], [0.4022614359855652, 0.0688016414642334, 0.08472294360399246, 0.1305912733078003], [0.5223134160041809, 0.3693825900554657, 0.09057451784610748, 0.1304851472377777], [0.3999730944633484, 0.4706462621688843, 0.08444541692733765, 0.10957913845777512], [0.5560826659202576, 0.06596460193395615, 0.06496212631464005, 0.11042596399784088], [0.14815062284469604, 0.33854666352272034, 0.11984129995107651, 0.12344692647457123], [0.906453013420105, 0.4949987530708313, 0.13593710958957672, 0.19357609748840332]]"
33.31142937,2.6666666666666683,"(0.4807644, 0.37927094)","yellow star","[0.5181339979171753, 0.3781749904155731, 0.08884132653474808, 0.13000908493995667]","['yellow star']","[[0.5181339979171753, 0.3781749904155731, 0.08884132653474808, 0.13000908493995667]]","['purple circle', 'red circle', 'pink rectangle red rectangle', 'yellow star', 'blue pentagon', 'yellow triangle', 'blue rectangle blue pentagon', 'pink rectangle red rectangle']","[[0.7187932729721069, 0.37964653968811035, 0.07552488893270493, 0.1114845797419548], [0.39752450585365295, 0.07804666459560394, 0.08465037494897842, 0.13315679132938385], [0.8985334038734436, 0.4979196786880493, 0.09488260746002197, 0.12575943768024445], [0.5181339979171753, 0.3781749904155731, 0.08884132653474808, 0.13000908493995667], [0.3955899477005005, 0.47916874289512634, 0.08389624953269958, 0.10993296653032303], [0.5508390069007874, 0.0763959065079689, 0.06374971568584442, 0.1099100187420845], [0.1425810009241104, 0.3473496735095978, 0.12031775712966919, 0.12381946295499802], [0.8993789553642273, 0.5004199743270874, 0.1278693675994873, 0.18271958827972412]]"
33.37148187,2.733333333333335,"(0.4823197, 0.3720497)","yellow star","[0.5165789723396301, 0.38434070348739624, 0.08769989013671875, 0.12829585373401642]","['yellow star']","[[0.5165789723396301, 0.38434070348739624, 0.08769989013671875, 0.12829585373401642]]","['purple circle', 'pink rectangle red rectangle', 'red circle', 'yellow star', 'yellow triangle', '##tangle blue pentagon', 'blue rectangle blue pentagon', 'pink rectangle red rectangle', 'red rectangle']","[[0.7167454957962036, 0.38488560914993286, 0.07412206381559372, 0.10975508391857147], [0.8964964747428894, 0.5020701289176941, 0.09377175569534302, 0.12487058341503143], [0.3957454264163971, 0.08537106215953827, 0.08324486017227173, 0.1318153440952301], [0.5165789723396301, 0.38434070348739624, 0.08769989013671875, 0.12829585373401642], [0.5487337708473206, 0.08373727649450302, 0.06339537352323532, 0.1105693131685257], [0.39444854855537415, 0.4850698709487915, 0.08354264497756958, 0.10836351662874222], [0.1411041021347046, 0.3544115424156189, 0.12036234140396118, 0.12160024046897888], [0.8973168730735779, 0.5048486590385437, 0.12841923534870148, 0.18153537809848785], [0.8962910175323486, 0.5017571449279785, 0.09190455824136734, 0.12077043205499649]]"
33.44164187,2.800000000000002,"(0.48351344, 0.37309295)","yellow star","[0.5170614123344421, 0.38582533597946167, 0.08762212842702866, 0.12793631851673126]","['yellow star']","[[0.5170614123344421, 0.38582533597946167, 0.08762212842702866, 0.12793631851673126]]","['purple circle', 'red circle', 'pink rectangle red rectangle', 'yellow star', 'yellow triangle', 'blue rectangle blue pentagon', 'blue pentagon', 'pink rectangle red rectangle', 'red rectangle']","[[0.7171329259872437, 0.3862316906452179, 0.07414396107196808, 0.10904622822999954], [0.3958527445793152, 0.0873551219701767, 0.0828074961900711, 0.1311267763376236], [0.8970462679862976, 0.5027263760566711, 0.09391620010137558, 0.12491106986999512], [0.5170614123344421, 0.38582533597946167, 0.08762212842702866, 0.12793631851673126], [0.5486922264099121, 0.08513112366199493, 0.06303458660840988, 0.10931713879108429], [0.14190910756587982, 0.35677942633628845, 0.12027853727340698, 0.1222066730260849], [0.39464372396469116, 0.4869832694530487, 0.08334086090326309, 0.10832836478948593], [0.8977118134498596, 0.5053127408027649, 0.1270086020231247, 0.18089982867240906], [0.8968479633331299, 0.5025032162666321, 0.0926673486828804, 0.1218171939253807]]"
33.50176587,2.866666666666669,"(0.483635, 0.3730715)","yellow star","[0.5183123350143433, 0.38693490624427795, 0.0874505266547203, 0.12717469036579132]","['yellow star']","[[0.5183123350143433, 0.38693490624427795, 0.0874505266547203, 0.12717469036579132]]","['red circle', 'purple circle', 'pink rectangle red rectangle', 'yellow star', 'yellow triangle', 'blue pentagon', 'blue rectangle blue pentagon', 'pink rectangle red rectangle', 'red rectangle']","[[0.39718547463417053, 0.08912826329469681, 0.08194395899772644, 0.12974031269550323], [0.7186856269836426, 0.3871307671070099, 0.0739145427942276, 0.10833550244569778], [0.8990548849105835, 0.503999650478363, 0.09435445815324783, 0.12460679560899734], [0.5183123350143433, 0.38693490624427795, 0.0874505266547203, 0.12717469036579132], [0.5496750473976135, 0.0869227722287178, 0.06323738396167755, 0.10895328223705292], [0.39603951573371887, 0.487895667552948, 0.08292987942695618, 0.10838165879249573], [0.14386114478111267, 0.3583220839500427, 0.1194293275475502, 0.12183097004890442], [0.8997830152511597, 0.5066034197807312, 0.12466757744550705, 0.17613577842712402], [0.8990226984024048, 0.5037286877632141, 0.09393618255853653, 0.1219780221581459]]"
33.57184437,2.933333333333336,"(0.48364368, 0.37162158)","yellow star","[0.5213997960090637, 0.3890286386013031, 0.08832722902297974, 0.1272083967924118]","['yellow star']","[[0.5213997960090637, 0.3890286386013031, 0.08832722902297974, 0.1272083967924118]]","['purple circle', 'red circle', 'pink rectangle red rectangle', 'yellow star', 'yellow triangle', 'blue pentagon', 'blue rectangle blue pentagon', 'pink rectangle red rectangle']","[[0.7223039269447327, 0.3887641131877899, 0.07515577971935272, 0.1103491261601448], [0.40059176087379456, 0.09179072827100754, 0.08324780315160751, 0.1302766054868698], [0.9038336277008057, 0.5068488121032715, 0.09439785778522491, 0.12502358853816986], [0.5213997960090637, 0.3890286386013031, 0.08832722902297974, 0.1272083967924118], [0.5529059171676636, 0.08924253284931183, 0.06375481188297272, 0.10983280837535858], [0.399409681558609, 0.48941177129745483, 0.08400826156139374, 0.10876241326332092], [0.14840497076511383, 0.36037978529930115, 0.1187688410282135, 0.12057223916053772], [0.9044144749641418, 0.5088587403297424, 0.12404553592205048, 0.17735977470874786]]"
33.64200437,3.0000000000000027,"(0.48387712, 0.37087545)","yellow star","[0.5225778818130493, 0.3884776532649994, 0.08856914937496185, 0.12749125063419342]","['yellow star']","[[0.5225778818130493, 0.3884776532649994, 0.08856914937496185, 0.12749125063419342]]","['red circle', 'pink rectangle red rectangle', 'yellow star', 'purple circle', 'blue pentagon', 'blue rectangle blue pentagon', 'yellow triangle', 'pink rectangle red rectangle']","[[0.4023513197898865, 0.0915437862277031, 0.08275032788515091, 0.12980146706104279], [0.9059773087501526, 0.5068249702453613, 0.09474769979715347, 0.12546660006046295], [0.5225778818130493, 0.3884776532649994, 0.08856914937496185, 0.12749125063419342], [0.7243373990058899, 0.3886246085166931, 0.07518543303012848, 0.11023062467575073], [0.40072932839393616, 0.4890727996826172, 0.0837455466389656, 0.1083843857049942], [0.1507236361503601, 0.3596935570240021, 0.11840714514255524, 0.12086822837591171], [0.5546895861625671, 0.08900407701730728, 0.06400986015796661, 0.10924527049064636], [0.9067102074623108, 0.5090488791465759, 0.12943919003009796, 0.18294213712215424]]"
33.70212887,3.0666666666666695,"(0.48388463, 0.3704823)","yellow star","[0.5229801535606384, 0.38746723532676697, 0.08875463157892227, 0.12805159389972687]","['yellow star']","[[0.5229801535606384, 0.38746723532676697, 0.08875463157892227, 0.12805159389972687]]","['purple circle', 'pink rectangle red rectangle', 'yellow star', 'red circle', 'rectangle blue pentagon', 'blue rectangle blue pentagon', 'yellow triangle', '##tangle red rectangle', 'red rectangle']","[[0.7245445847511292, 0.388241708278656, 0.07510878145694733, 0.11012065410614014], [0.9062139987945557, 0.5065693855285645, 0.0950319916009903, 0.12570922076702118], [0.5229801535606384, 0.38746723532676697, 0.08875463157892227, 0.12805159389972687], [0.40326568484306335, 0.0900973528623581, 0.08266517519950867, 0.13009358942508698], [0.4010908007621765, 0.4876493215560913, 0.08359932154417038, 0.10843854397535324], [0.15098410844802856, 0.35788291692733765, 0.11844887584447861, 0.12043942511081696], [0.5553979873657227, 0.08763489872217178, 0.06360708177089691, 0.10942059010267258], [0.9067662358283997, 0.5124152898788452, 0.14213047921657562, 0.20675432682037354], [0.9073178172111511, 0.5094082355499268, 0.12244594097137451, 0.17451471090316772]]"
33.772206870000005,3.1333333333333364,"(0.4836855, 0.36915356)","yellow star","[0.5226417183876038, 0.38633137941360474, 0.08853907138109207, 0.1287022978067398]","['yellow star']","[[0.5226417183876038, 0.38633137941360474, 0.08853907138109207, 0.1287022978067398]]","['pink rectangle red rectangle', 'red circle', 'purple circle', 'yellow star', 'blue rectangle blue pentagon', 'blue pentagon', 'yellow triangle', 'pink rectangle red rectangle']","[[0.9057775735855103, 0.5058326721191406, 0.09483898431062698, 0.1252831071615219], [0.40284308791160583, 0.08875974267721176, 0.0825544148683548, 0.12956419587135315], [0.7241498827934265, 0.38759511709213257, 0.07500040531158447, 0.11062167584896088], [0.5226417183876038, 0.38633137941360474, 0.08853907138109207, 0.1287022978067398], [0.15027184784412384, 0.35626575350761414, 0.11824379116296768, 0.12027602642774582], [0.40073201060295105, 0.48672720789909363, 0.08371088653802872, 0.10892318934202194], [0.5550152659416199, 0.08640607446432114, 0.06345029175281525, 0.10878796875476837], [0.9065618515014648, 0.5082836747169495, 0.12918907403945923, 0.18352903425693512]]"
33.84236687,3.2000000000000033,"(0.48449057, 0.36933428)","yellow star","[0.5226677060127258, 0.3854370415210724, 0.08941218256950378, 0.12918837368488312]","['yellow star']","[[0.5226677060127258, 0.3854370415210724, 0.08941218256950378, 0.12918837368488312]]","['pink rectangle red rectangle', 'red circle', 'purple circle', 'blue rectangle blue pentagon', 'blue rectangle blue pentagon', 'yellow star', 'yellow triangle', 'pink rectangle red rectangle']","[[0.9060102701187134, 0.5046768188476562, 0.09442609548568726, 0.12500588595867157], [0.4029029309749603, 0.08754376322031021, 0.0825066789984703, 0.130069300532341], [0.7243574857711792, 0.3865276277065277, 0.07543540000915527, 0.11085143685340881], [0.40088725090026855, 0.48547717928886414, 0.08414967358112335, 0.10876799374818802], [0.15036848187446594, 0.3552306592464447, 0.11836226284503937, 0.11994588375091553], [0.5226677060127258, 0.3854370415210724, 0.08941218256950378, 0.12918837368488312], [0.5552398562431335, 0.08514423668384552, 0.06272689253091812, 0.1083492711186409], [0.9068877100944519, 0.5063255429267883, 0.1200072169303894, 0.17164500057697296]]"
33.90249137,3.26666666666667,"(0.4848211, 0.36842266)","yellow star","[0.5228263139724731, 0.3835383653640747, 0.08895044773817062, 0.12821398675441742]","['yellow star']","[[0.5228263139724731, 0.3835383653640747, 0.08895044773817062, 0.12821398675441742]]","['purple circle', 'pink rectangle red rectangle', 'yellow star', 'blue rectangle blue pentagon', 'blue rectangle blue pentagon', 'red circle', 'yellow triangle', 'pink rectangle red rectangle']","[[0.7248879075050354, 0.3842179775238037, 0.07527009397745132, 0.11039573699235916], [0.9068158864974976, 0.5028457045555115, 0.09474045783281326, 0.12549039721488953], [0.5228263139724731, 0.3835383653640747, 0.08895044773817062, 0.12821398675441742], [0.4012707769870758, 0.4836442172527313, 0.08420814573764801, 0.10832463949918747], [0.15072865784168243, 0.35343337059020996, 0.11831169575452805, 0.12036021053791046], [0.40319743752479553, 0.08538924157619476, 0.08283732831478119, 0.13031765818595886], [0.5557122230529785, 0.08347126096487045, 0.06328125298023224, 0.10997039079666138], [0.9075021743774414, 0.5056769847869873, 0.12836654484272003, 0.18318183720111847]]"
33.97256887,3.333333333333337,"(0.48534378, 0.3702948)","yellow star","[0.5235083103179932, 0.3815692067146301, 0.08894217759370804, 0.1280064582824707]","['yellow star']","[[0.5235083103179932, 0.3815692067146301, 0.08894217759370804, 0.1280064582824707]]","['purple circle', 'red circle', 'yellow star', 'pink rectangle red rectangle', 'blue rectangle blue pentagon', 'blue rectangle blue pentagon', 'yellow triangle', 'pink rectangle red rectangle']","[[0.7256653308868408, 0.3823338449001312, 0.07539687305688858, 0.11051370203495026], [0.40343958139419556, 0.08327637612819672, 0.08299097418785095, 0.13069294393062592], [0.5235083103179932, 0.3815692067146301, 0.08894217759370804, 0.1280064582824707], [0.9079442620277405, 0.5002405047416687, 0.09504406899213791, 0.12547892332077026], [0.4020603895187378, 0.4817328155040741, 0.0831548199057579, 0.10816004127264023], [0.1512870192527771, 0.35190820693969727, 0.11774690449237823, 0.12044861167669296], [0.556188702583313, 0.08089342713356018, 0.0629759430885315, 0.11079271882772446], [0.9084020853042603, 0.5021069645881653, 0.12833985686302185, 0.18363036215305328]]"
34.04272937,3.400000000000004,"(0.4858558, 0.3681108)","yellow star","[0.5236729383468628, 0.38109809160232544, 0.08878955990076065, 0.12725229561328888]","['yellow star']","[[0.5236729383468628, 0.38109809160232544, 0.08878955990076065, 0.12725229561328888]]","['purple circle', 'red circle', 'pink rectangle red rectangle', 'yellow star', 'blue pentagon', 'blue rectangle blue pentagon', 'yellow triangle', 'pink rectangle red rectangle']","[[0.7258940935134888, 0.3818570375442505, 0.07524639368057251, 0.10981851071119308], [0.40390899777412415, 0.08247977495193481, 0.08236678689718246, 0.13012290000915527], [0.9083059430122375, 0.5001506209373474, 0.09503372013568878, 0.1255422681570053], [0.5236729383468628, 0.38109809160232544, 0.08878955990076065, 0.12725229561328888], [0.40230217576026917, 0.4810115098953247, 0.08344048261642456, 0.10970981419086456], [0.15170326828956604, 0.3507402837276459, 0.11790507286787033, 0.12066761404275894], [0.5564932823181152, 0.08010527491569519, 0.06283281743526459, 0.11049247533082962], [0.9088608026504517, 0.5021658539772034, 0.12838122248649597, 0.1834447681903839]]"
34.10285337,3.466666666666671,"(0.48555106, 0.36893177)","yellow star","[0.5251393914222717, 0.38047072291374207, 0.08852814137935638, 0.1279803365468979]","['yellow star']","[[0.5251393914222717, 0.38047072291374207, 0.08852814137935638, 0.1279803365468979]]","['purple circle', 'pink rectangle red rectangle', 'red circle', 'yellow star', 'blue pentagon', 'yellow triangle', 'blue rectangle blue pentagon', 'pink rectangle red rectangle']","[[0.7270584106445312, 0.38161206245422363, 0.07575104385614395, 0.10998958349227905], [0.9097787141799927, 0.5001003742218018, 0.09518051147460938, 0.12581105530261993], [0.40502357482910156, 0.08183051645755768, 0.08324635028839111, 0.13117355108261108], [0.5251393914222717, 0.38047072291374207, 0.08852814137935638, 0.1279803365468979], [0.40333661437034607, 0.4804380536079407, 0.08284907788038254, 0.10849205404520035], [0.5578257441520691, 0.07968584448099136, 0.06329779326915741, 0.11026743054389954], [0.15312105417251587, 0.3500813841819763, 0.11775486916303635, 0.12077029049396515], [0.9103001356124878, 0.5024218559265137, 0.12771235406398773, 0.18341460824012756]]"
34.17293137,3.5333333333333377,"(0.48577547, 0.36897317)","yellow star","[0.5261240005493164, 0.3793805241584778, 0.08845039457082748, 0.12689617276191711]","['yellow star']","[[0.5261240005493164, 0.3793805241584778, 0.08845039457082748, 0.12689617276191711]]","['purple circle', 'red circle', 'pink rectangle red rectangle', 'yellow star', 'blue pentagon', 'blue rectangle blue pentagon', 'yellow triangle', 'pink rectangle red rectangle']","[[0.7284086346626282, 0.3808128237724304, 0.0755811557173729, 0.10985390096902847], [0.406343549489975, 0.08110102266073227, 0.08307588845491409, 0.13075503706932068], [0.9115252494812012, 0.4993174970149994, 0.09518902748823166, 0.12581416964530945], [0.5261240005493164, 0.3793805241584778, 0.08845039457082748, 0.12689617276191711], [0.4042973220348358, 0.4796702563762665, 0.08269766718149185, 0.10816459357738495], [0.15500834584236145, 0.3492070436477661, 0.11740346252918243, 0.1204356923699379], [0.5591162443161011, 0.07882354408502579, 0.06297211349010468, 0.10866912454366684], [0.9120290875434875, 0.5015282034873962, 0.12533093988895416, 0.18130594491958618]]"
34.24309187,3.6000000000000045,"(0.48573703, 0.36949626)","yellow star","[0.5269528031349182, 0.37873801589012146, 0.08801467716693878, 0.12719511985778809]","['yellow star']","[[0.5269528031349182, 0.37873801589012146, 0.08801467716693878, 0.12719511985778809]]","['purple circle', 'red circle', 'pink rectangle red rectangle', 'yellow star', '##tangle blue pentagon', 'yellow triangle star', 'blue rectangle blue pentagon', 'pink rectangle red rectangle']","[[0.7291257381439209, 0.3803582787513733, 0.07565208524465561, 0.10955820232629776], [0.40680623054504395, 0.08067528903484344, 0.0830465629696846, 0.1308501809835434], [0.9125528335571289, 0.4990389347076416, 0.09543175995349884, 0.12576444447040558], [0.5269528031349182, 0.37873801589012146, 0.08801467716693878, 0.12719511985778809], [0.4048643410205841, 0.4790000021457672, 0.08289838582277298, 0.10898205637931824], [0.5599109530448914, 0.07802357524633408, 0.06362718343734741, 0.10851137340068817], [0.15564335882663727, 0.348611980676651, 0.11746607720851898, 0.1204313337802887], [0.9130004644393921, 0.5012885928153992, 0.12522797286510468, 0.18053799867630005]]"
34.30321587,3.6666666666666714,"(0.48479846, 0.36943594)","yellow star","[0.5284859538078308, 0.37762245535850525, 0.08905702084302902, 0.1280890554189682]","['yellow star']","[[0.5284859538078308, 0.37762245535850525, 0.08905702084302902, 0.1280890554189682]]","['purple circle', 'red circle', 'pink rectangle red rectangle', 'yellow star', 'blue pentagon', 'blue rectangle blue pentagon', 'pink rectangle red rectangle', 'yellow triangle']","[[0.7313258647918701, 0.379082590341568, 0.07585202902555466, 0.11037283390760422], [0.40847086906433105, 0.07926859706640244, 0.08276014029979706, 0.13057585060596466], [0.9150813817977905, 0.4985245168209076, 0.09591121971607208, 0.12624512612819672], [0.5284859538078308, 0.37762245535850525, 0.08905702084302902, 0.1280890554189682], [0.4065883159637451, 0.47764262557029724, 0.08304756879806519, 0.1087627112865448], [0.15757614374160767, 0.34723809361457825, 0.11722882837057114, 0.12055058777332306], [0.915368378162384, 0.5001941919326782, 0.12387832254171371, 0.177436962723732], [0.5614542365074158, 0.07636729627847672, 0.06380017101764679, 0.10871618986129761]]"
34.37329437,3.7333333333333383,"(0.48545238, 0.36683974)","yellow star","[0.528946042060852, 0.3783183991909027, 0.08995092660188675, 0.12818464636802673]","['yellow star']","[[0.528946042060852, 0.3783183991909027, 0.08995092660188675, 0.12818464636802673]]","['purple circle', 'red circle', 'pink rectangle red rectangle', 'yellow star', 'rectangle blue pentagon', 'blue rectangle blue pentagon', 'yellow triangle', 'pink rectangle red rectangle']","[[0.7324214577674866, 0.3805290758609772, 0.0762239396572113, 0.11032051593065262], [0.4099854826927185, 0.07930020987987518, 0.08249034732580185, 0.13050059974193573], [0.916210412979126, 0.5003669261932373, 0.09593944251537323, 0.1266021579504013], [0.528946042060852, 0.3783183991909027, 0.08995092660188675, 0.12818464636802673], [0.407341331243515, 0.477974534034729, 0.08278912305831909, 0.10850491374731064], [0.15892735123634338, 0.346615731716156, 0.11708129942417145, 0.12037400156259537], [0.5628229975700378, 0.0772409439086914, 0.06361138820648193, 0.10888770967721939], [0.9164360165596008, 0.5020619630813599, 0.12587414681911469, 0.1811153143644333]]"
34.44345437,3.800000000000005,"(0.48514622, 0.36573482)","yellow star","[0.5288187265396118, 0.37839335203170776, 0.0898040160536766, 0.1279187798500061]","['yellow star']","[[0.5288187265396118, 0.37839335203170776, 0.0898040160536766, 0.1279187798500061]]","['purple circle', 'red circle', 'pink rectangle red rectangle', 'yellow star', 'blue rectangle blue pentagon', 'blue rectangle blue pentagon', 'yellow triangle', 'pink rectangle red rectangle']","[[0.7321325540542603, 0.38069239258766174, 0.0765337124466896, 0.11070737987756729], [0.40992608666419983, 0.0793837457895279, 0.08251827210187912, 0.1306065171957016], [0.9156789183616638, 0.5005178451538086, 0.09575498849153519, 0.12637461721897125], [0.5288187265396118, 0.37839335203170776, 0.0898040160536766, 0.1279187798500061], [0.4070521593093872, 0.47786781191825867, 0.08302423357963562, 0.10870251804590225], [0.15839971601963043, 0.34645435214042664, 0.11704854667186737, 0.1204129308462143], [0.562714695930481, 0.07751821726560593, 0.06359591335058212, 0.10911036282777786], [0.9158642888069153, 0.5024130344390869, 0.12565551698207855, 0.18054214119911194]]"
34.50357787,3.866666666666672,"(0.48538074, 0.36631137)","yellow star","[0.5292734503746033, 0.3777810335159302, 0.08779682219028473, 0.1272241175174713]","['yellow star']","[[0.5292734503746033, 0.3777810335159302, 0.08779682219028473, 0.1272241175174713]]","['purple circle', 'red circle', 'pink rectangle red rectangle', 'yellow star', 'blue pentagon', 'yellow triangle', 'blue rectangle blue pentagon', 'pink rectangle red rectangle', 'red rectangle']","[[0.7318542003631592, 0.3798428773880005, 0.0753149762749672, 0.10955850034952164], [0.40944257378578186, 0.07848215848207474, 0.08239051699638367, 0.1305062621831894], [0.915499746799469, 0.5001605153083801, 0.09587674587965012, 0.12661679089069366], [0.5292734503746033, 0.3777810335159302, 0.08779682219028473, 0.1272241175174713], [0.40681418776512146, 0.4773866832256317, 0.0826764702796936, 0.10813340544700623], [0.5623918771743774, 0.07628976553678513, 0.06352554261684418, 0.10859160125255585], [0.1578289270401001, 0.3456033170223236, 0.11718277633190155, 0.12005574256181717], [0.9157199263572693, 0.502007246017456, 0.12410343438386917, 0.17790065705776215], [0.9153907895088196, 0.4999500513076782, 0.09498348087072372, 0.12407835572957993]]"
34.57365687,3.933333333333339,"(0.4855873, 0.36626685)","yellow star","[0.529656708240509, 0.3777664601802826, 0.09005027264356613, 0.12777088582515717]","['yellow star']","[[0.529656708240509, 0.3777664601802826, 0.09005027264356613, 0.12777088582515717]]","['purple circle', 'red circle', 'pink rectangle red rectangle', 'yellow star', 'blue pentagon', 'blue rectangle blue pentagon', 'yellow triangle', 'pink rectangle red rectangle', 'red rectangle']","[[0.7333699464797974, 0.38009756803512573, 0.07602007687091827, 0.10988534986972809], [0.41082534193992615, 0.07833609730005264, 0.081957146525383, 0.1300417184829712], [0.9175169467926025, 0.5002621412277222, 0.09617511928081512, 0.127542644739151], [0.529656708240509, 0.3777664601802826, 0.09005027264356613, 0.12777088582515717], [0.4081112742424011, 0.4775661528110504, 0.08276493847370148, 0.10835796594619751], [0.15991012752056122, 0.3453611433506012, 0.11705727130174637, 0.12053046375513077], [0.5635926723480225, 0.07660622149705887, 0.06304831057786942, 0.10868746042251587], [0.91767817735672, 0.5021818280220032, 0.1242779865860939, 0.17921169102191925], [0.9174708127975464, 0.5000426173210144, 0.09502433240413666, 0.12467554956674576]]"
34.643816869999995,4.000000000000005,"(0.487931, 0.3619672)","yellow star","[0.5299336314201355, 0.3777120113372803, 0.09001968801021576, 0.12807533144950867]","['yellow star']","[[0.5299336314201355, 0.3777120113372803, 0.09001968801021576, 0.12807533144950867]]","['purple circle', 'red circle', 'pink rectangle red rectangle', 'yellow star', 'blue pentagon', 'blue rectangle blue pentagon', 'yellow triangle', 'pink rectangle red rectangle', 'red rectangle']","[[0.7336376309394836, 0.38014575839042664, 0.07631497830152512, 0.10991763323545456], [0.4111514687538147, 0.07846890389919281, 0.08248209953308105, 0.1302887499332428], [0.9178499579429626, 0.5003359913825989, 0.09612490236759186, 0.12726296484470367], [0.5299336314201355, 0.3777120113372803, 0.09001968801021576, 0.12807533144950867], [0.4082845449447632, 0.47747743129730225, 0.08295734226703644, 0.10896537452936172], [0.16018354892730713, 0.3452273905277252, 0.11697710305452347, 0.12041305005550385], [0.5638893246650696, 0.07676767557859421, 0.0632457584142685, 0.1082737147808075], [0.9178978800773621, 0.5026057958602905, 0.12648262083530426, 0.1819157898426056], [0.9177512526512146, 0.5000297427177429, 0.094777412712574, 0.12421805411577225]]"
34.70394087,4.066666666666672,"(0.48817167, 0.36236808)","yellow star","[0.5295169353485107, 0.37649640440940857, 0.09032098948955536, 0.1285327672958374]","['yellow star']","[[0.5295169353485107, 0.37649640440940857, 0.09032098948955536, 0.1285327672958374]]","['purple circle', 'red circle', 'pink rectangle red rectangle', 'yellow star', 'blue rectangle blue pentagon', 'blue pentagon', 'yellow triangle', 'pink rectangle red rectangle']","[[0.733542799949646, 0.37842857837677, 0.07602262496948242, 0.11037515103816986], [0.41089770197868347, 0.07719071209430695, 0.08227686583995819, 0.12996281683444977], [0.917550265789032, 0.49904701113700867, 0.09617573767900467, 0.1267712116241455], [0.5295169353485107, 0.37649640440940857, 0.09032098948955536, 0.1285327672958374], [0.15963199734687805, 0.34392520785331726, 0.11704640090465546, 0.12021886557340622], [0.408009797334671, 0.4763302505016327, 0.08311834931373596, 0.10935857146978378], [0.5637374520301819, 0.07493560761213303, 0.06343001872301102, 0.10838265717029572], [0.9175559282302856, 0.5014026165008545, 0.12748482823371887, 0.18262627720832825]]"
34.774018870000006,4.133333333333338,"(0.48634297, 0.36924002)","yellow star","[0.5306750535964966, 0.37532350420951843, 0.09026946872472763, 0.12837088108062744]","['yellow star']","[[0.5306750535964966, 0.37532350420951843, 0.09026946872472763, 0.12837088108062744]]","['purple circle', 'red circle', 'pink rectangle red rectangle', 'yellow star', 'blue rectangle blue pentagon', 'blue pentagon', 'yellow triangle', 'pink rectangle red rectangle']","[[0.7347157001495361, 0.3771470785140991, 0.07623674720525742, 0.110833078622818], [0.41157734394073486, 0.07589716464281082, 0.08191809803247452, 0.12918992340564728], [0.9194934964179993, 0.49784260988235474, 0.09612618386745453, 0.12739209830760956], [0.5306750535964966, 0.37532350420951843, 0.09026946872472763, 0.12837088108062744], [0.16072766482830048, 0.34307193756103516, 0.11705540865659714, 0.12027817964553833], [0.40903741121292114, 0.4748193025588989, 0.08295989781618118, 0.10836125165224075], [0.5649243593215942, 0.07309043407440186, 0.06374270468950272, 0.10844285041093826], [0.9193455576896667, 0.5001001358032227, 0.1270536184310913, 0.18446406722068787]]"
34.844180370000004,4.200000000000005,"(0.4844876, 0.3683749)","yellow star","[0.5309497117996216, 0.37438398599624634, 0.09106968343257904, 0.12880077958106995]","['yellow star']","[[0.5309497117996216, 0.37438398599624634, 0.09106968343257904, 0.12880077958106995]]","['purple circle', 'red circle', 'yellow star', 'pink rectangle red rectangle', 'blue pentagon', 'blue rectangle blue pentagon', 'yellow triangle', 'pink rectangle red rectangle']","[[0.7354992628097534, 0.3764626681804657, 0.07648913562297821, 0.11069568246603012], [0.41243720054626465, 0.07503818720579147, 0.0826442763209343, 0.1295098215341568], [0.5309497117996216, 0.37438398599624634, 0.09106968343257904, 0.12880077958106995], [0.920370876789093, 0.49708467721939087, 0.09676416963338852, 0.1274513304233551], [0.40946701169013977, 0.4735815227031708, 0.08273015171289444, 0.10799679905176163], [0.16148026287555695, 0.34218528866767883, 0.11692076176404953, 0.1213570088148117], [0.5655471086502075, 0.07219967246055603, 0.06374216079711914, 0.1090516746044159], [0.920059323310852, 0.49988213181495667, 0.1273002326488495, 0.18528704345226288]]"
34.904302869999995,4.266666666666671,"(0.48522222, 0.3679802)","yellow star","[0.5306893587112427, 0.37305569648742676, 0.09063027054071426, 0.1287289261817932]","['yellow star']","[[0.5306893587112427, 0.37305569648742676, 0.09063027054071426, 0.1287289261817932]]","['purple circle', 'red circle', 'yellow star', 'blue pentagon', 'blue rectangle blue pentagon', 'pink rectangle red rectangle', 'yellow triangle', 'pink rectangle red rectangle']","[[0.7352495789527893, 0.3751618266105652, 0.07668696343898773, 0.11100520938634872], [0.4122440814971924, 0.0733775943517685, 0.08278517425060272, 0.1295127421617508], [0.5306893587112427, 0.37305569648742676, 0.09063027054071426, 0.1287289261817932], [0.4092634618282318, 0.47251948714256287, 0.0826176181435585, 0.10754818469285965], [0.16106438636779785, 0.34115293622016907, 0.11699357628822327, 0.1218644380569458], [0.9200401902198792, 0.4961693286895752, 0.09659183025360107, 0.12758520245552063], [0.5652984380722046, 0.07059493660926819, 0.06356113404035568, 0.1090802401304245], [0.9199003577232361, 0.4987497627735138, 0.1268821656703949, 0.1851259469985962]]"
34.97438237,4.3333333333333375,"(0.4847262, 0.3692207)","yellow star","[0.5302361249923706, 0.37310007214546204, 0.09060227125883102, 0.12842662632465363]","['yellow star']","[[0.5302361249923706, 0.37310007214546204, 0.09060227125883102, 0.12842662632465363]]","['purple circle', 'red circle', 'pink rectangle red rectangle', 'yellow star', '##tangle blue pentagon', 'blue rectangle blue pentagon', 'yellow triangle', 'pink rectangle red rectangle']","[[0.7348361015319824, 0.3754372298717499, 0.07655585557222366, 0.11090615391731262], [0.41166260838508606, 0.07336525619029999, 0.08308549225330353, 0.12982811033725739], [0.9194655418395996, 0.49630212783813477, 0.09653868526220322, 0.12766005098819733], [0.5302361249923706, 0.37310007214546204, 0.09060227125883102, 0.12842662632465363], [0.40889203548431396, 0.4726297855377197, 0.08275274187326431, 0.10788529366254807], [0.16049236059188843, 0.3411461114883423, 0.11711948364973068, 0.12187741696834564], [0.5648984313011169, 0.07084906101226807, 0.0637589693069458, 0.10895911604166031], [0.9193360805511475, 0.49902546405792236, 0.12832985818386078, 0.18629492819309235]]"
35.04454187,4.400000000000004,"(0.4866387, 0.37047255)","yellow star","[0.5304079055786133, 0.37292051315307617, 0.09065691381692886, 0.12848415970802307]","['yellow star']","[[0.5304079055786133, 0.37292051315307617, 0.09065691381692886, 0.12848415970802307]]","['purple circle', 'red circle', 'yellow star', 'pink rectangle red rectangle', 'blue pentagon', 'blue rectangle blue pentagon', 'pink rectangle red rectangle', 'yellow triangle']","[[0.7350694537162781, 0.37540507316589355, 0.07643981277942657, 0.11057910323143005], [0.41184884309768677, 0.07340271770954132, 0.08259715139865875, 0.1295652985572815], [0.5304079055786133, 0.37292051315307617, 0.09065691381692886, 0.12848415970802307], [0.9197234511375427, 0.49646005034446716, 0.09640192985534668, 0.1273077130317688], [0.40909135341644287, 0.4724971652030945, 0.08235329389572144, 0.10785727202892303], [0.16077639162540436, 0.34080737829208374, 0.11671952158212662, 0.12192466109991074], [0.919586718082428, 0.49894875288009644, 0.12609916925430298, 0.18297326564788818], [0.5652303099632263, 0.07086850702762604, 0.06375521421432495, 0.10921518504619598]]"
35.104665870000005,4.46666666666667,"(0.48650664, 0.3732077)","yellow star","[0.5307073593139648, 0.37237030267715454, 0.0909573957324028, 0.1283636838197708]","['yellow star']","[[0.5307073593139648, 0.37237030267715454, 0.0909573957324028, 0.1283636838197708]]","['purple circle', 'red circle', 'yellow star', 'blue pentagon', 'blue rectangle blue pentagon', 'pink rectangle red rectangle', 'yellow triangle', 'pink rectangle red rectangle']","[[0.7352504134178162, 0.37485697865486145, 0.07642892003059387, 0.11085428297519684], [0.4120936393737793, 0.07275734096765518, 0.0825008898973465, 0.12930534780025482], [0.5307073593139648, 0.37237030267715454, 0.0909573957324028, 0.1283636838197708], [0.40913206338882446, 0.4720412790775299, 0.08263050764799118, 0.10793482512235641], [0.1608647257089615, 0.34007227420806885, 0.11692045629024506, 0.12190419435501099], [0.9200206995010376, 0.4961963891983032, 0.09674251824617386, 0.12766839563846588], [0.5654082894325256, 0.07035618275403976, 0.06403807550668716, 0.10969038307666779], [0.9197507500648499, 0.4988649785518646, 0.1268620491027832, 0.18445637822151184]]"
35.17474387,4.533333333333337,"(0.4852005, 0.37181166)","yellow star","[0.5296072959899902, 0.37052056193351746, 0.09052898734807968, 0.1281658262014389]","['yellow star']","[[0.5296072959899902, 0.37052056193351746, 0.09052898734807968, 0.1281658262014389]]","['purple circle', 'red circle', 'pink rectangle red rectangle', 'yellow star', '##tangle blue pentagon', 'blue rectangle blue pentagon', 'yellow triangle', 'pink rectangle red rectangle']","[[0.7342979311943054, 0.3731851279735565, 0.0761653482913971, 0.11041127890348434], [0.410849004983902, 0.07124004513025284, 0.08268991112709045, 0.12923820316791534], [0.9189227819442749, 0.4940660297870636, 0.09661366790533066, 0.1275116354227066], [0.5296072959899902, 0.37052056193351746, 0.09052898734807968, 0.1281658262014389], [0.4082263708114624, 0.4707767069339752, 0.08281801640987396, 0.10804383456707001], [0.1591700315475464, 0.33867180347442627, 0.11719518154859543, 0.12132462859153748], [0.5644363164901733, 0.0688428059220314, 0.06416904926300049, 0.10905058681964874], [0.9187694787979126, 0.4965289831161499, 0.1289767622947693, 0.18443608283996582]]"
35.23490987,4.600000000000003,"(0.48552155, 0.3685166)","yellow star","[0.529586136341095, 0.36956310272216797, 0.09068017452955246, 0.12811951339244843]","['yellow star']","[[0.529586136341095, 0.36956310272216797, 0.09068017452955246, 0.12811951339244843]]","['purple circle', 'red circle', 'pink rectangle red rectangle', 'yellow star', 'blue pentagon', 'blue rectangle blue pentagon', 'yellow triangle', 'pink rectangle red rectangle']","[[0.7342424988746643, 0.37204164266586304, 0.07610105723142624, 0.11061298102140427], [0.41047927737236023, 0.07010281085968018, 0.08275541663169861, 0.12908604741096497], [0.9188685417175293, 0.4926137924194336, 0.09684783965349197, 0.1279052197933197], [0.529586136341095, 0.36956310272216797, 0.09068017452955246, 0.12811951339244843], [0.4081980288028717, 0.46976134181022644, 0.08298523724079132, 0.1083456501364708], [0.15889647603034973, 0.33788564801216125, 0.11732132732868195, 0.12110687047243118], [0.5641372799873352, 0.06787261366844177, 0.06461085379123688, 0.10964538902044296], [0.9187968373298645, 0.49496525526046753, 0.12901996076107025, 0.18406783044338226]]"
35.30502837,4.66666666666667,"(0.4865435, 0.3605478)","yellow star","[0.5300825834274292, 0.3669833540916443, 0.09107629954814911, 0.12822265923023224]","['yellow star']","[[0.5300825834274292, 0.3669833540916443, 0.09107629954814911, 0.12822265923023224]]","['purple circle', 'red circle', 'yellow star', 'pink rectangle red rectangle', 'blue rectangle blue pentagon', 'rectangle blue pentagon', 'yellow triangle', 'pink rectangle red rectangle']","[[0.7350481748580933, 0.36913254857063293, 0.07635007798671722, 0.11046271026134491], [0.41098272800445557, 0.06753256171941757, 0.08329091966152191, 0.12781330943107605], [0.5300825834274292, 0.3669833540916443, 0.09107629954814911, 0.12822265923023224], [0.9200228452682495, 0.48981598019599915, 0.09689261764287949, 0.12741826474666595], [0.15931302309036255, 0.3347263038158417, 0.11753188818693161, 0.12024730443954468], [0.40850991010665894, 0.4666767418384552, 0.08333443850278854, 0.10758475214242935], [0.5646198987960815, 0.0643979087471962, 0.06476671993732452, 0.10851822048425674], [0.9198331832885742, 0.49234098196029663, 0.12803508341312408, 0.1835087537765503]]"
35.37510637,4.733333333333336,"(0.48588285, 0.3579801)","yellow star","[0.5305435657501221, 0.36645179986953735, 0.09136868268251419, 0.12855452299118042]","['yellow star']","[[0.5305435657501221, 0.36645179986953735, 0.09136868268251419, 0.12855452299118042]]","['purple circle', 'pink rectangle red rectangle', 'red circle', 'yellow star', 'blue rectangle blue pentagon', 'blue rectangle blue pentagon', 'yellow triangle', 'pink rectangle red rectangle']","[[0.7354369759559631, 0.3683273196220398, 0.07668044418096542, 0.11088048666715622], [0.9204606413841248, 0.4895247519016266, 0.09696004539728165, 0.12737730145454407], [0.41120249032974243, 0.06656209379434586, 0.08364544063806534, 0.1271793693304062], [0.5305435657501221, 0.36645179986953735, 0.09136868268251419, 0.12855452299118042], [0.15960198640823364, 0.3336383104324341, 0.11756394803524017, 0.12071787565946579], [0.4088272154331207, 0.46614110469818115, 0.08344367146492004, 0.10825666785240173], [0.5653840899467468, 0.06292698532342911, 0.06473571807146072, 0.1081169918179512], [0.9201605916023254, 0.4923773407936096, 0.12864550948143005, 0.18616320192813873]]"
35.44526637,4.8000000000000025,"(0.48800987, 0.35672957)","yellow star","[0.530849039554596, 0.3664323389530182, 0.09112268686294556, 0.1286010444164276]","['yellow star']","[[0.530849039554596, 0.3664323389530182, 0.09112268686294556, 0.1286010444164276]]","['purple circle', 'red circle', 'pink rectangle red rectangle', 'yellow star', 'blue rectangle blue pentagon', 'blue rectangle blue pentagon', 'yellow triangle', 'pink rectangle red rectangle']","[[0.7357931137084961, 0.3683135509490967, 0.07672514766454697, 0.11106809228658676], [0.4114948511123657, 0.066524937748909, 0.08361492305994034, 0.1270226687192917], [0.9209731221199036, 0.4896475076675415, 0.09694299101829529, 0.12743663787841797], [0.530849039554596, 0.3664323389530182, 0.09112268686294556, 0.1286010444164276], [0.4090074300765991, 0.4660906493663788, 0.08345191925764084, 0.10829593986272812], [0.16006609797477722, 0.3334936201572418, 0.11739369481801987, 0.12037966400384903], [0.5657992959022522, 0.06270822882652283, 0.06478741765022278, 0.10834674537181854], [0.9207622408866882, 0.4918346703052521, 0.12679867446422577, 0.18255220353603363]]"
35.50539037,4.866666666666669,"(0.48943546, 0.35523066)","yellow star","[0.5311660170555115, 0.36672574281692505, 0.09083573520183563, 0.12802569568157196]","['yellow star']","[[0.5311660170555115, 0.36672574281692505, 0.09083573520183563, 0.12802569568157196]]","['purple circle', 'red circle', 'pink rectangle red rectangle', 'yellow star', '##tangle blue pentagon', 'blue rectangle blue pentagon', 'yellow triangle', 'pink rectangle red rectangle']","[[0.7361913323402405, 0.3686736822128296, 0.07648881524801254, 0.11030945926904678], [0.411998450756073, 0.06643354147672653, 0.08310092240571976, 0.12650859355926514], [0.9214226603507996, 0.49004295468330383, 0.09659877419471741, 0.1267353594303131], [0.5311660170555115, 0.36672574281692505, 0.09083573520183563, 0.12802569568157196], [0.4094633162021637, 0.4665539264678955, 0.08306494355201721, 0.10771913826465607], [0.16061590611934662, 0.3338300585746765, 0.11693194508552551, 0.1199750304222107], [0.5660033822059631, 0.0627501979470253, 0.06513034552335739, 0.10856668651103973], [0.9211872816085815, 0.4924459457397461, 0.12537923455238342, 0.17994873225688934]]"
35.57546937,4.933333333333335,"(0.48895648, 0.35286993)","yellow star","[0.5316120982170105, 0.36675095558166504, 0.09081342816352844, 0.12819373607635498]","['yellow star']","[[0.5316120982170105, 0.36675095558166504, 0.09081342816352844, 0.12819373607635498]]","['red circle', 'pink rectangle red rectangle', 'yellow star', 'purple circle', 'blue rectangle blue pentagon', 'blue rectangle blue pentagon', 'yellow triangle', 'pink rectangle red rectangle']","[[0.4126734435558319, 0.06695742160081863, 0.08331967145204544, 0.12716519832611084], [0.9220730066299438, 0.49068737030029297, 0.09670770913362503, 0.12740397453308105], [0.5316120982170105, 0.36675095558166504, 0.09081342816352844, 0.12819373607635498], [0.736927330493927, 0.3689669370651245, 0.07659211754798889, 0.1104552373290062], [0.40996742248535156, 0.46720874309539795, 0.08251223713159561, 0.10779954493045807], [0.16143512725830078, 0.33441677689552307, 0.11680830270051956, 0.12041383981704712], [0.5665019750595093, 0.06333897262811661, 0.06497914344072342, 0.10960745811462402], [0.921800434589386, 0.4929526746273041, 0.1251276284456253, 0.17955848574638367]]"
